<familyset version="23">
    <!-- first font is default -->
    <family name="sans-serif">
        <font weight="400" style="normal">AssistantExtraLight.ttf</font>
        <font weight="500" style="normal">AssistantLight.ttf</font>
        <font weight="900" style="normal">Assistant.ttf</font>
        <font weight="700" style="normal">Assistant.ttf</font>
    </family>
	
	<alias name="sans-serif-thin" to="sans-serif" weight="100" />
    <alias name="sans-serif-light" to="sans-serif" weight="300" />
    <alias name="sans-serif-medium" to="sans-serif" weight="500" />
    <alias name="sans-serif-black" to="sans-serif" weight="900" />
    <alias name="arial" to="sans-serif" />
    <alias name="helvetica" to="sans-serif" />
    <alias name="tahoma" to="sans-serif" />
    <alias name="verdana" to="sans-serif" />
    <alias name="sans-serif-condensed" to="sans-serif" />
</familyset>