<familyset version="23">
    <!-- first font is default -->
    <family name="sans-serif">
		<font weight="100" style="normal">BarlowCondensed-Thin.ttf</font>
        <font weight="200" style="normal">BarlowCondensed-ExtraLight.ttf</font>
        <font weight="300" style="normal">BarlowCondensed-Light.ttf</font>
        <font weight="400" style="normal">Roboto-Regular.ttf</font>
        <font weight="500" style="normal">Roboto-Medium.ttf</font>
        <font weight="600" style="normal">BarlowCondensed-SemiBold.ttf</font>
        <font weight="700" style="normal">Roboto-Bold.ttf</font>
		<font weight="800" style="normal">BarlowCondensed-ExtraBold.ttf</font>
		<font weight="900" style="normal">Roboto-Black.ttf</font>
    </family>
	
	<alias name="sans-serif-thin" to="sans-serif" weight="100" />
    <alias name="sans-serif-light" to="sans-serif" weight="300" />
    <alias name="sans-serif-medium" to="sans-serif" weight="500" />
    <alias name="sans-serif-black" to="sans-serif" weight="900" />
    <alias name="arial" to="sans-serif" />
    <alias name="helvetica" to="sans-serif" />
    <alias name="tahoma" to="sans-serif" />
    <alias name="verdana" to="sans-serif" />
    <alias name="sans-serif-condensed" to="sans-serif" />
</familyset>